grade,subject_fa,grade_fa,file,size_bytes,source_url,maktab93_page
12,"تعلیمات اسلامی","صنف دوازدهم","Grade-12/G12-Dr-Islamic_Study_Hanafi.pdf",6470449,"https://drive.usercontent.google.com/download?id=1YlZENjyepB3eJK4yJ2wKSqHNpBpVZMyL&export=download","https://www.maktab93.com/download.php?id=203"
12,"جعفری","صنف دوازدهم","Grade-12/G12-Dr-Islamic_Study_Jafari.pdf",4972478,"https://drive.usercontent.google.com/download?id=1TS_3wSM3r9b4LGklqU_SwaPwduYNGXba&export=download","https://www.maktab93.com/download.php?id=204"
12,"ریاضی","صنف دوازدهم","Grade-12/G12-Dr-Math.pdf",22028542,"https://drive.usercontent.google.com/download?id=1978LL9ZuRpjAaoNdNfEGy3Y0aOLDP4eG&export=download","https://www.maktab93.com/download.php?id=205"
12,"كمپيوتر","صنف دوازدهم","Grade-12/G12-Dr-Computer.pdf",16872694,"https://drive.usercontent.google.com/download?id=1gYoo8wTXELpHTJcl17Ruoj7D5n8UHS9j&export=download","https://www.maktab93.com/download.php?id=206"
12,"بیالوژی","صنف دوازدهم","Grade-12/G12-Dr-Biology.pdf",17269415,"https://drive.usercontent.google.com/download?id=1uvumEf8lpKiKjLBIKLbUOfI6T6O0zzmi&export=download","https://www.maktab93.com/download.php?id=207"
12,"پشتو","صنف دوازدهم","Grade-12/G12-Dr-Pashto.pdf",16000672,"https://drive.usercontent.google.com/download?id=1N4QggVKiU4-wfn7ZJmwdDQNms0oHnXE9&export=download","https://www.maktab93.com/download.php?id=208"
12,"جغرافیه","صنف دوازدهم","Grade-12/G12-Dr-Geography.pdf",7917508,"https://drive.usercontent.google.com/download?id=10jGfgqbR3j5_D81jJU39K8K0nn_mPDW9&export=download","https://www.maktab93.com/download.php?id=209"
12,"تاریخ","صنف دوازدهم","Grade-12/G12-Dr-History.pdf",11432079,"https://drive.usercontent.google.com/download?id=1TRAZOS0ruKZBkEssPhaU0jcEWUpZUd-A&export=download","https://www.maktab93.com/download.php?id=210"
12,"فزیک","صنف دوازدهم","Grade-12/G12-Dr-Physic.pdf",21089794,"https://drive.usercontent.google.com/download?id=1QBH0Vn7BeOdySySxcclCj7PPWtJ_FTI_&export=download","https://www.maktab93.com/download.php?id=233"
12,"کیمیا","صنف دوازدهم","Grade-12/G12-Dr-Chemistry.pdf",23807590,"https://drive.usercontent.google.com/download?id=1oGKLqVS5FKaxos51ffnbvF7Z7a_PCBWT&export=download","https://www.maktab93.com/download.php?id=234"
12,"م.مدنی","صنف دوازدهم","Grade-12/G12-Dr-Civic.pdf",15297104,"https://drive.usercontent.google.com/download?id=1dSl6-wnakdE_aWhtgsqKcM8sh8tpLHUK&export=download","https://www.maktab93.com/download.php?id=235"
12,"انګلیسي","صنف دوازدهم","Grade-12/G12-Ps-English.pdf",24621355,"https://drive.usercontent.google.com/download?id=1PI1K9j4mvRcpjfBXqHfS10NLOSrjCyja&export=download","https://www.maktab93.com/download.php?id=236"
12,"دری","صنف دوازدهم","Grade-12/G12-Dr-Dari.pdf",17216070,"https://drive.usercontent.google.com/download?id=1deGYUPeV58mNv5lQTpe52kT4XXAZTTBe&export=download","https://www.maktab93.com/download.php?id=237"
12,"تفسیر شریف","صنف دوازدهم","Grade-12/G12-Dr-Tafseer.pdf",4165188,"https://drive.usercontent.google.com/download?id=17SMUS18ZoYkblzHPmcYddavWvIpshBT9&export=download","https://www.maktab93.com/download.php?id=238"
11,"تعلیمات اسلامی","صنف یازدهم","Grade-11/G11-Dr-Islamic_Study_Hanafi.pdf",8596354,"https://drive.usercontent.google.com/download?id=13eXNRw-tO_ERxeAIf8MH5WZWSEMqVatQ&export=download","https://www.maktab93.com/download.php?id=194"
11,"جعفری","صنف یازدهم","Grade-11/G11-Dr-Islamic_Study_Jafari.pdf",3196512,"https://drive.usercontent.google.com/download?id=1LwjSB2ct0Z38WDE4tQXIg0UKbOhGU1Gq&export=download","https://www.maktab93.com/download.php?id=195"
11,"ریاضی","صنف یازدهم","Grade-11/G11-Dr-Math.pdf",21186390,"https://drive.usercontent.google.com/download?id=1OV-BSedQuOcdgOgmix3cb4kiU6M_RSSV&export=download","https://www.maktab93.com/download.php?id=196"
11,"كمپيوتر","صنف یازدهم","Grade-11/G11-Dr-Computer.pdf",13035291,"https://drive.usercontent.google.com/download?id=1y6oI65ODFN8VRi4q0THT7Dwc2_u8Rj0U&export=download","https://www.maktab93.com/download.php?id=197"
11,"دری","صنف یازدهم","Grade-11/G11-Dr-Dari.pdf",16775262,"https://drive.usercontent.google.com/download?id=1mlWuT65Ol1BEHvH2WJsjq8yBUKDX9oF3&export=download","https://www.maktab93.com/download.php?id=198"
11,"بیالوژی","صنف یازدهم","Grade-11/G11-Dr-Biology.pdf",28553705,"https://drive.usercontent.google.com/download?id=1EyvZtzCDNxRz947L9q5DaXZVGd7nWIYe&export=download","https://www.maktab93.com/download.php?id=199"
11,"پشتو","صنف یازدهم","Grade-11/G11-Dr-Pashto.pdf",25191091,"https://drive.usercontent.google.com/download?id=1RhE6oM8tH9ac0iVi92PLRPlIpYv8uDGD&export=download","https://www.maktab93.com/download.php?id=200"
11,"جغرافیه","صنف یازدهم","Grade-11/G11-Dr-Geography.pdf",23157359,"https://drive.usercontent.google.com/download?id=1Ow32RsAuEo0Qg9K-ZHEBziyJdfP5VX-5&export=download","https://www.maktab93.com/download.php?id=201"
11,"تاریخ","صنف یازدهم","Grade-11/G11-Dr-History.pdf",26557270,"https://drive.usercontent.google.com/download?id=1Ww-g64JrF_deJlsZBYj6qID_Djtpf7A3&export=download","https://www.maktab93.com/download.php?id=202"
11,"فزیک","صنف یازدهم","Grade-11/G11-Dr-Physic.pdf",30015439,"https://drive.usercontent.google.com/download?id=1QlCYZ50J95-w5rIN3pHwk7mVt3TLCq40&export=download","https://www.maktab93.com/download.php?id=229"
11,"کیمیا","صنف یازدهم","Grade-11/G11-Dr-Chemistry.pdf",25546552,"https://drive.usercontent.google.com/download?id=11au22LquXlql8KYQXP9PFI8d6A7xqsmU&export=download","https://www.maktab93.com/download.php?id=230"
11,"معلومات مدنی","صنف یازدهم","Grade-11/G11-Dr-CIvic.pdf",20806946,"https://drive.usercontent.google.com/download?id=1yQ6ACh1L2aOGlrVHYshtjbrr7Yil6oNZ&export=download","https://www.maktab93.com/download.php?id=231"
11,"تفسیر شریف","صنف یازدهم","Grade-11/G11-Dr-Tafseer.pdf",4129117,"https://drive.usercontent.google.com/download?id=1TxG1mPhEQF6hN0e3u5MhW-TU-WXsfCAY&export=download","https://www.maktab93.com/download.php?id=239"
10,"تعلیمات اسلامی","صنف دهم","Grade-10/G10-Dr-Islamic_Study_hanafi.pdf",6275114,"https://drive.usercontent.google.com/download?id=1KUQf-AOczDBwlobEUwYDUH1_EF3Q989X&export=download","https://www.maktab93.com/download.php?id=183"
10,"جعفری","صنف دهم","Grade-10/G10-Dr-Islamic_Study_jafari.pdf",3220475,"https://drive.usercontent.google.com/download?id=1sx3X1XZ2DWynZ85-pfqFpGqFF8qxYjIN&export=download","https://www.maktab93.com/download.php?id=184"
10,"ریاضی","صنف دهم","Grade-10/G10-Dr-Math.pdf",20244540,"https://drive.usercontent.google.com/download?id=1ObiBdtGjEMInCLvJGr8wD8532vSgBNVz&export=download","https://www.maktab93.com/download.php?id=185"
10,"كمپيوتر","صنف دهم","Grade-10/G10-Dr-Computer.pdf",16594289,"https://drive.usercontent.google.com/download?id=168Zf7ZsSnVORtcLQld6YJU0flyOoHeFp&export=download","https://www.maktab93.com/download.php?id=186"
10,"جيولوژي","صنف دهم","Grade-10/G10-Dr-Geology.pdf",13720743,"https://drive.usercontent.google.com/download?id=1ZoEh5AwgLo8EFPdxMFwkjbyuBdPavy2G&export=download","https://www.maktab93.com/download.php?id=187"
10,"دری","صنف دهم","Grade-10/G10-Dr-Dari.pdf",12824135,"https://drive.usercontent.google.com/download?id=1zvIWnU-ReWZbsp2F2J5ewS5LE5L8Ok7s&export=download","https://www.maktab93.com/download.php?id=188"
10,"تفسیر","صنف دهم","Grade-10/G10-Dr-Tafseer.pdf",5031291,"https://moe.gov.af/sites/default/files/2020-03/G10-Dr-Tafseer.pdf","https://www.maktab93.com/download.php?id=189"
10,"بیالوژی","صنف دهم","Grade-10/G10-Dr-Biology.pdf",11849292,"https://drive.usercontent.google.com/download?id=1d4-X9S7jqV9jfaV7g03_qpioHbMnjF_k&export=download","https://www.maktab93.com/download.php?id=190"
10,"پشتو","صنف دهم","Grade-10/G10-Dr-Pashto.pdf",20243874,"https://drive.usercontent.google.com/download?id=19Kg5LzdGKuj2Vkc5CJVLXWTTTeDVgT9p&export=download","https://www.maktab93.com/download.php?id=191"
10,"جغرافیه","صنف دهم","Grade-10/G10-Dr-Geography.pdf",19615315,"https://drive.usercontent.google.com/download?id=1wKQNkuPVfFPDdkdjfvVTXI2fNKGohKor&export=download","https://www.maktab93.com/download.php?id=192"
10,"تاریخ","صنف دهم","Grade-10/G10-Dr-History.pdf",9596721,"https://drive.usercontent.google.com/download?id=1IMIfUjSi7Cty-HC0nv5UWp7iUE_nzf0E&export=download","https://www.maktab93.com/download.php?id=193"
10,"فزیک","صنف دهم","Grade-10/G10-Dr-physic.pdf",10876810,"https://drive.usercontent.google.com/download?id=1ndxATkZLLI6ycFWGEbPz9GOO834bsISE&export=download","https://www.maktab93.com/download.php?id=225"
10,"کیمیا","صنف دهم","Grade-10/G10-Dr-Chemistry.pdf",9763446,"https://drive.usercontent.google.com/download?id=1pq0JzgpN-7fH-Mm1q_N_4nW0MOKDJwyQ&export=download","https://www.maktab93.com/download.php?id=226"
10,"م.مدنی","صنف دهم","Grade-10/G10-Dr-Civic.pdf",6737856,"https://drive.usercontent.google.com/download?id=1psjOc8rVNND2blYVnQT0MHfRcbIwRbHw&export=download","https://www.maktab93.com/download.php?id=227"
10,"انګلیسي","صنف دهم","Grade-10/G10-Ps-English.pdf",20097300,"https://drive.usercontent.google.com/download?id=1q85sFRp5XsqHTSBQjFPpw5U_LJFWFY4Y&export=download","https://www.maktab93.com/download.php?id=228"
9,"علوم دینی ح","صنف نهم","Grade-09/G9-Dr-Islamic_Study_Hanafi.pdf",7495118,"https://drive.usercontent.google.com/download?id=1DP8RBFe3epC23sCUPdzpPN7d6IZryz8q&export=download","https://www.maktab93.com/download.php?id=171"
9,"علوم دینی ج","صنف نهم","Grade-09/G9-Dr-Islamic_Study_Jafari.pdf",8600593,"https://drive.usercontent.google.com/download?id=1tOxqv_Pq2cFLoFScvoo20Mzeyx4EAPnA&export=download","https://www.maktab93.com/download.php?id=172"
9,"ریاضی","صنف نهم","Grade-09/G9-Dr-Math.pdf",7000232,"https://drive.usercontent.google.com/download?id=1b_Ic2D9_9TauIKtE1EA6UIhmoyE4dHDc&export=download","https://www.maktab93.com/download.php?id=173"
9,"حرفه","صنف نهم","Grade-09/G9-Dr-Profession.pdf",14644392,"https://drive.usercontent.google.com/download?id=1vzi_n4qJREI3PAKKKTXfxoFmMLYYK5pQ&export=download","https://www.maktab93.com/download.php?id=174"
9,"هنررسامی","صنف نهم","Grade-09/G9-Dr-Arts.pdf",9084511,"https://drive.usercontent.google.com/download?id=10noYJbuxruZxB0uLwUHlZabme39Oz8JV&export=download","https://www.maktab93.com/download.php?id=175"
9,"عربی","صنف نهم","Grade-09/G9-Dr-Arabic.pdf",14430667,"https://drive.usercontent.google.com/download?id=1gKMpGy0EZn_8qYlVZ3JPUwZja7bkPZm9&export=download","https://www.maktab93.com/download.php?id=176"
9,"دری","صنف نهم","Grade-09/G9-Dr-Dari.pdf",22078296,"https://drive.usercontent.google.com/download?id=1a7E13Mc4CHHr-rFfaGqtZB_9DIUUDhC0&export=download","https://www.maktab93.com/download.php?id=177"
9,"تجوید","صنف نهم","Grade-09/G9-Dr-Tajweed.pdf",29813820,"https://drive.usercontent.google.com/download?id=1BxUDYkovEbmRRdQVQiDWqcOsrNVs8IdE&export=download","https://www.maktab93.com/download.php?id=178"
9,"بیالوژی","صنف نهم","Grade-09/G9-Dr-Biology.pdf",8778267,"https://drive.usercontent.google.com/download?id=1c-f9XjuQA9BUR1SrJC6kIBJzPVtPmur8&export=download","https://www.maktab93.com/download.php?id=179"
9,"پشتو","صنف نهم","Grade-09/G9-Dr-Pashto.pdf",19080581,"https://drive.usercontent.google.com/download?id=1TSGNeD4UOtKmG1zRR0UQfo-sg7IwwSEu&export=download","https://www.maktab93.com/download.php?id=180"
9,"جغرافیه","صنف نهم","Grade-09/G9-Dr-Geography.pdf",14184052,"https://drive.usercontent.google.com/download?id=1LUB61Sr8gtA6lwdQOPghRZmIWVuB1ICR&export=download","https://www.maktab93.com/download.php?id=181"
9,"تاریخ","صنف نهم","Grade-09/G9-Dr-History.pdf",8825455,"https://drive.usercontent.google.com/download?id=1eMbJARUcRiBtGTfpYrJ_N6q94TC37il9&export=download","https://www.maktab93.com/download.php?id=182"
9,"فزیک","صنف نهم","Grade-09/G9-Dr-Physic.pdf",12068089,"https://drive.usercontent.google.com/download?id=16MizEIgL8OPSNvtFZgUvNNB-7ddclnKf&export=download","https://www.maktab93.com/download.php?id=220"
9,"کیمیا","صنف نهم","Grade-09/G9-Dr-Chemistry.pdf",25727648,"https://drive.usercontent.google.com/download?id=1qEnuYiwDPj0JMZqVgFP3OHygSkPkKGwU&export=download","https://www.maktab93.com/download.php?id=221"
9,"وطندوستی","صنف نهم","Grade-09/G9-Dr-Watandosti.pdf",23347051,"https://drive.usercontent.google.com/download?id=1XhtAdpl3Y0Kei8mMPWkG-_3rE6DFa6mB&export=download","https://www.maktab93.com/download.php?id=222"
9,"م.مدنی","صنف نهم","Grade-09/G9-Dr-Civic.pdf",23021137,"https://drive.usercontent.google.com/download?id=1oSfliXU4j84hfo6ywqPjkVgpI3_mfYFW&export=download","https://www.maktab93.com/download.php?id=223"
9,"انګلیسي","صنف نهم","Grade-09/G9-Ps-English.pdf",13190212,"https://drive.usercontent.google.com/download?id=1JmMpYbBuWEbqeCDy95b6l-OoehHaNVH3&export=download","https://www.maktab93.com/download.php?id=224"
8,"علوم دینی ح","صنف هشتم","Grade-08/G8-Dr-Islamic_Study_Hanafi.pdf",6722271,"https://drive.usercontent.google.com/download?id=1cRHz_YMaubkUSJQhi_GLqF-a_KkA-FcX&export=download","https://www.maktab93.com/download.php?id=162"
8,"علوم دینی ج","صنف هشتم","Grade-08/G8-Dr-Islamic_Study_Jafari.pdf",6594226,"https://drive.usercontent.google.com/download?id=1H_eM8OM1sDAobH3Wyz8Zxetc_BrIQbp4&export=download","https://www.maktab93.com/download.php?id=163"
8,"ریاضی","صنف هشتم","Grade-08/G8-Dr-Math_0.pdf",9225612,"https://drive.usercontent.google.com/download?id=1pHcuT21_A9M2nbppRzRttMDds7mrakbN&export=download","https://www.maktab93.com/download.php?id=164"
8,"هنررسامی","صنف هشتم","Grade-08/G8-Dr-Arts.pdf",11015808,"https://drive.usercontent.google.com/download?id=1v8DAne-98TLbMw7PTidtM5UakXgWYISi&export=download","https://www.maktab93.com/download.php?id=165"
8,"عربی","صنف هشتم","Grade-08/G8-Dr-Arabic.pdf",16012110,"https://drive.usercontent.google.com/download?id=14N2ccNqgxxmrGxzPBxZs-mKQ8baGFW0w&export=download","https://www.maktab93.com/download.php?id=166"
8,"دری","صنف هشتم","Grade-08/G8-Dr-Dari.pdf",20150712,"https://drive.usercontent.google.com/download?id=14JX25NSxDjrnqpakO9p323sQWaY57JGE&export=download","https://www.maktab93.com/download.php?id=167"
8,"پشتو","صنف هشتم","Grade-08/G8-Dr-Pashto.pdf",25646763,"https://drive.usercontent.google.com/download?id=11WVnLmfRZOlmfrWYIEuwkm22jTRlTvLD&export=download","https://www.maktab93.com/download.php?id=168"
8,"جغرافیه","صنف هشتم","Grade-08/G8-Dr-Geography.pdf",12298860,"https://drive.usercontent.google.com/download?id=1jiorMFX6rqiseam6Se-g6SCIzIeVgV0a&export=download","https://www.maktab93.com/download.php?id=169"
8,"تاریخ","صنف هشتم","Grade-08/G8-Dr-History.pdf",15683177,"https://drive.usercontent.google.com/download?id=1yjUdGI4QXljwpeYMMN5x91-WbpM8-fqy&export=download","https://www.maktab93.com/download.php?id=170"
8,"فزیک","صنف هشتم","Grade-08/G8-Dr-Physic.pdf",5242756,"https://drive.usercontent.google.com/download?id=10qLTc13RGi18GxX-Je5exCrOSvS6KbHx&export=download","https://www.maktab93.com/download.php?id=216"
8,"کیمیا","صنف هشتم","Grade-08/G8-Dr-Chemistry.pdf",32621677,"https://drive.usercontent.google.com/download?id=11HzspXkJYxwb3Jc4nokEaWGKPBNMNmsj&export=download","https://www.maktab93.com/download.php?id=217"
8,"م.مدنی","صنف هشتم","Grade-08/G8-Dr-Civic.pdf",5155348,"https://drive.usercontent.google.com/download?id=1wDKg__zkKIsyH6HJiMG4Z6uC-uxuts7H&export=download","https://www.maktab93.com/download.php?id=218"
8,"انګلیسي","صنف هشتم","Grade-08/G8-Ps-English.pdf",11101721,"https://drive.usercontent.google.com/download?id=1QpzyWIEvPJBIkyT7x4xa9_Um-25PQNKR&export=download","https://www.maktab93.com/download.php?id=219"
8,"بیولوژی","صنف هشتم","Grade-08/G8-Dr-Biology.pdf",8902307,"https://drive.usercontent.google.com/download?id=1eCHUL4uEO-3sMhPeY7s7URof2Oh1G1aN&export=download","https://www.maktab93.com/download.php?id=241"
7,"علوم دینی ح","صنف هفتم","Grade-07/G7-Dr-Islamic_Study_Hanafi.pdf",13119568,"https://drive.usercontent.google.com/download?id=10hiSiVRz1LAZCoWmViZaBnJXJMXOxvEy&export=download","https://www.maktab93.com/download.php?id=150"
7,"علوم دینی ج","صنف هفتم","Grade-07/G7-Dr-Islamic_Study_Jafari.pdf",10613076,"https://drive.usercontent.google.com/download?id=1iHOKnZezjoGVxjq28eLZxmXtgPh-TGXJ&export=download","https://www.maktab93.com/download.php?id=151"
7,"ریاضی","صنف هفتم","Grade-07/G7-Dr-Math.pdf",14209425,"https://drive.usercontent.google.com/download?id=13IsPtGlqdgOgjlYfgD0Hww1jOCQ3Xcuz&export=download","https://www.maktab93.com/download.php?id=152"
7,"حرفه","صنف هفتم","Grade-07/G7-Dr-Profession.pdf",16257496,"https://drive.usercontent.google.com/download?id=1wOQ8YBN7Y5yEoAkFg8KE8npydRI2CGTQ&export=download","https://www.maktab93.com/download.php?id=153"
7,"هنررسامی","صنف هفتم","Grade-07/G7-Dr-Arts.pdf",10972698,"https://drive.usercontent.google.com/download?id=11Bf8qHRLhqy1d51dqU_GfdUTJqv4hDjU&export=download","https://www.maktab93.com/download.php?id=154"
7,"عربی","صنف هفتم","Grade-07/G7-Dr-Arabic.pdf",17057382,"https://drive.usercontent.google.com/download?id=1ocgbdTZUn1Ojk6l00zO_--BOuPKI3F6T&export=download","https://www.maktab93.com/download.php?id=155"
7,"دری","صنف هفتم","Grade-07/G7-Dr-Dari.pdf",30409941,"https://drive.usercontent.google.com/download?id=1vqwFJAjWrElA06OA7ZECsNUSAHbN8YFa&export=download","https://www.maktab93.com/download.php?id=156"
7,"تجوید","صنف هفتم","Grade-07/G7-Dr-Tajweed.pdf",29171224,"https://drive.usercontent.google.com/download?id=1lIdykUZu7FK2c_TVpmMX6zjIk5dpEal2&export=download","https://www.maktab93.com/download.php?id=157"
7,"بیالوژی","صنف هفتم","Grade-07/G7-Dr-Biology.pdf",6628788,"https://drive.usercontent.google.com/download?id=1w_dIP3DtkPZi7TPekILm88D76Uzoa83i&export=download","https://www.maktab93.com/download.php?id=158"
7,"پشتو","صنف هفتم","Grade-07/G7-Dr-Pashto.pdf",22512011,"https://drive.usercontent.google.com/download?id=1HAhY1BCOFA2ocJrQli1VWyYbAXuejEHQ&export=download","https://www.maktab93.com/download.php?id=159"
7,"جغرافیه","صنف هفتم","Grade-07/G7-Dr-Geography.pdf",23373699,"https://drive.usercontent.google.com/download?id=1crr0QSbb_gj2wDF3K-ADRc8FzJ1GA82e&export=download","https://www.maktab93.com/download.php?id=160"
7,"تاریخ","صنف هفتم","Grade-07/G7-Dr-History.pdf",10364465,"https://drive.usercontent.google.com/download?id=1YM8UJoz8oxu57aEypPP-EF_Xb05QSHPq&export=download","https://www.maktab93.com/download.php?id=161"
7,"فزیک","صنف هفتم","Grade-07/G7-Dr-Physic.pdf",6231086,"https://drive.usercontent.google.com/download?id=1sgR7MZxGhXdwkx2WOVVZNslEYm5LUS4f&export=download","https://www.maktab93.com/download.php?id=211"
7,"کیمیا","صنف هفتم","Grade-07/G7-Dr-Chemistry.pdf",24092037,"https://drive.usercontent.google.com/download?id=12UvSjbDFcwGOvknQhaRuoHo_YirXsNT3&export=download","https://www.maktab93.com/download.php?id=212"
7,"وطندوستی","صنف هفتم","Grade-07/G7-Dr-Watandosti.pdf",24972732,"https://drive.usercontent.google.com/download?id=12qzrxTjdnUXvCfiIhlFh8_Y4icLbEXoc&export=download","https://www.maktab93.com/download.php?id=213"
7,"م.مدنی","صنف هفتم","Grade-07/G7-Dr-Civic.pdf",5394726,"https://drive.usercontent.google.com/download?id=1aMuZhcM4RN8ODYa0vTrWcEDl9BQtF1WV&export=download","https://www.maktab93.com/download.php?id=214"
7,"انګلیسي","صنف هفتم","Grade-07/G7-Ps-English.pdf",13033516,"https://drive.usercontent.google.com/download?id=175hx07uVRCoXrc-TWN4z_j0uwgWWZkrM&export=download","https://www.maktab93.com/download.php?id=215"
6,"علوم دینی ح","صنف ششم","Grade-06/G6-Dr-Islamic_Study_Hanafi_0.pdf",5203713,"https://drive.usercontent.google.com/download?id=1MicI9w4TatX1-m2rgIq94n3hvPQhiQyZ&export=download","https://www.maktab93.com/download.php?id=139"
6,"علوم دینی ج","صنف ششم","Grade-06/G6-Dr-Islamic_Study_Jafari_0.pdf",11556180,"https://drive.usercontent.google.com/download?id=1fSREP5P2Xww7WbLRnonWs_hldhW1uG1K&export=download","https://www.maktab93.com/download.php?id=140"
6,"ریاضی","صنف ششم","Grade-06/G6-Dr-Math.pdf",11050995,"https://drive.usercontent.google.com/download?id=19GuWmNQXtbyKcOFtIU5LcpZVbiljNL7A&export=download","https://www.maktab93.com/download.php?id=141"
6,"اجتماعیات","صنف ششم","Grade-06/G6-Dr-Social_Science_2.pdf",8468695,"https://drive.usercontent.google.com/download?id=1EzzgynfgPsJwxrRk7cbUKkK-L4WJa3j5&export=download","https://www.maktab93.com/download.php?id=142"
6,"هنررسامی","صنف ششم","Grade-06/G6-Dr-Art.pdf",28132582,"https://drive.usercontent.google.com/download?id=1bUp8KFEb3p-G2ASAmXXhXHpC-f2uiWok&export=download","https://www.maktab93.com/download.php?id=143"
6,"حسن‌خط","صنف ششم","Grade-06/G6-Dr-Hand_Writing.pdf",17356344,"https://drive.usercontent.google.com/download?id=169IhtD0JWxg50vMC9QulJf5tfmJGQSX1&export=download","https://www.maktab93.com/download.php?id=144"
6,"دری","صنف ششم","Grade-06/G6-Dr-Dari.pdf",11987231,"https://drive.usercontent.google.com/download?id=1TKNHerkk6KVUGKdp7Ra0MsfPCsc_PRQw&export=download","https://www.maktab93.com/download.php?id=145"
6,"قرآن‌کریم","صنف ششم","Grade-06/G6-Dr-Quran.pdf",1989089,"https://drive.usercontent.google.com/download?id=1npJ67khbSR--q1N4KiqkrMqImP0MW0Ur&export=download","https://www.maktab93.com/download.php?id=146"
6,"پشتو","صنف ششم","Grade-06/G6-Dr-Pashto.pdf",6233497,"https://drive.usercontent.google.com/download?id=1rEtSIfPF7USuNiKxVXW6zXcU-RuRNRIU&export=download","https://www.maktab93.com/download.php?id=147"
6,"ساینس","صنف ششم","Grade-06/G6-Dr-Science.pdf",10218031,"https://drive.usercontent.google.com/download?id=1Pnm6ExRwp5W9y3sfkrLdjuy7Fv7yNyKL&export=download","https://www.maktab93.com/download.php?id=148"
6,"انګلیسی","صنف ششم","Grade-06/G6-Ps-English.pdf",18052448,"https://drive.usercontent.google.com/download?id=11hUDWcUtaSUj9a2nmbIkTAVVeohISNIN&export=download","https://www.maktab93.com/download.php?id=149"
5,"علوم دینی ح","صنف پنجم","Grade-05/G5-Dr-Islamic_Study_Hanafi.pdf",3169699,"https://drive.usercontent.google.com/download?id=1V_xGDBKDnCzPQ9scJKVfFlLisOxe8Rml&export=download","https://www.maktab93.com/download.php?id=128"
5,"ریاضی","صنف پنجم","Grade-05/G5-Dr-Math.pdf",5744033,"https://drive.usercontent.google.com/download?id=1-yVZ_bzgCWmN4nm1YFJw4Td8fe1wTdEa&export=download","https://www.maktab93.com/download.php?id=130"
5,"اجتماعیات","صنف پنجم","Grade-05/G5-Dr-Social_Science.pdf",9575107,"https://drive.usercontent.google.com/download?id=1YDVu7bSJVs9YaVfP8mBRxC2v4k8rtrh2&export=download","https://www.maktab93.com/download.php?id=131"
5,"هنررسامی","صنف پنجم","Grade-05/G5-Dr-Art.pdf",28504309,"https://moe.gov.af/sites/default/files/2020-02/G5-Dr-Art.pdf","https://www.maktab93.com/download.php?id=132"
5,"حسن‌خط","صنف پنجم","Grade-05/G5-Dr-Hand_Writing.pdf",11963680,"https://drive.usercontent.google.com/download?id=12-HWRxeMtBw_jeHioG3jQgHsWxqXmGSQ&export=download","https://www.maktab93.com/download.php?id=133"
5,"دری","صنف پنجم","Grade-05/G5-Dr-Dari.pdf",14603034,"https://drive.usercontent.google.com/download?id=1qO3sgb-lfIbH7w08jKZOsLbKaAUxRfze&export=download","https://www.maktab93.com/download.php?id=134"
5,"قرآن‌کریم","صنف پنجم","Grade-05/G5-Dr-Quran.pdf",2210823,"https://drive.usercontent.google.com/download?id=1AitfEcD21CgOT5stELfxzB56RFCR0YRY&export=download","https://www.maktab93.com/download.php?id=135"
5,"پشتو","صنف پنجم","Grade-05/G5-Dr-Pashto.pdf",15675546,"https://drive.usercontent.google.com/download?id=1AYIBOJ4wbpq0-o3lf_zpS8E4g2UW-AnF&export=download","https://www.maktab93.com/download.php?id=136"
5,"ساینس","صنف پنجم","Grade-05/G5-Dr-Science.pdf",9291955,"https://drive.usercontent.google.com/download?id=1bnc7ugy33yDcOeIUg9EbfqJ3Qx1rh26G&export=download","https://www.maktab93.com/download.php?id=137"
5,"انګلیسی","صنف پنجم","Grade-05/G5-Ps-English.pdf",29192419,"https://drive.usercontent.google.com/download?id=1dsq4mlAbA3DdrKavtPPV631FV0NyVVFI&export=download","https://www.maktab93.com/download.php?id=138"
4,"علوم دینی ح","صنف چهارم","Grade-04/G4-Dr-Islamic_Study_hanafi.pdf",5842998,"https://drive.usercontent.google.com/download?id=1ehFnZ7qPPvGsZU90eztn3gkHWNqOzP-3&export=download","https://www.maktab93.com/download.php?id=117"
4,"علوم دینی ج","صنف چهارم","Grade-04/G4-Dr-Islamic_Study_Jafari.pdf",8649179,"https://drive.usercontent.google.com/download?id=1_yQMWnIOkNvZbgaW7A1POheUopXfedYE&export=download","https://www.maktab93.com/download.php?id=118"
4,"ریاضی","صنف چهارم","Grade-04/G4-Dr-Math.pdf",26121048,"https://drive.usercontent.google.com/download?id=104ayoonZoDeAHnaKvPJ0eq0o-JjYSUjK&export=download","https://www.maktab93.com/download.php?id=119"
4,"اجتماعیات","صنف چهارم","Grade-04/G4-Dr-Social_Sicence.pdf",21005872,"https://drive.usercontent.google.com/download?id=1-jXsSUNHxrIRHjUaa0FiI_ka_I7n_Eoe&export=download","https://www.maktab93.com/download.php?id=120"
4,"هنررسامی","صنف چهارم","Grade-04/G4-Dr-Art.pdf",30757525,"https://drive.usercontent.google.com/download?id=1I1-lN_X-UuTGMw300jbH675wYWOHyxfu&export=download","https://www.maktab93.com/download.php?id=121"
4,"حسن‌خط","صنف چهارم","Grade-04/G4-Dr-Hand_Writing.pdf",11399735,"https://drive.usercontent.google.com/download?id=1NHG6VgwBToCrvsPIxHJJvI2RbUgXRemZ&export=download","https://www.maktab93.com/download.php?id=122"
4,"دری","صنف چهارم","Grade-04/G4-Dr-Dari.pdf",16033146,"https://drive.usercontent.google.com/download?id=1foXHEP0dSxMtG27jVRB5j-b3fZZtb6WQ&export=download","https://www.maktab93.com/download.php?id=123"
4,"قرآن‌کریم","صنف چهارم","Grade-04/G4-Dr-Quran.pdf",2686297,"https://drive.usercontent.google.com/download?id=1La4DGgdiXZlp3LRhFVbyQ2hrI2oSFwww&export=download","https://www.maktab93.com/download.php?id=124"
4,"پشتو","صنف چهارم","Grade-04/G4-Dr-Pashto.pdf",14906226,"https://drive.usercontent.google.com/download?id=1o4sCXZfehqM4ypo341i71RILS37Db-IY&export=download","https://www.maktab93.com/download.php?id=125"
4,"ساینس","صنف چهارم","Grade-04/G4-Dr-Sicence.pdf",12845083,"https://drive.usercontent.google.com/download?id=1k9ozWWjVHqW7iRmd9NLJ-ZOTpMk4pV04&export=download","https://www.maktab93.com/download.php?id=126"
4,"انګلیسی","صنف چهارم","Grade-04/G4-Ps-English.pdf",28811673,"https://drive.usercontent.google.com/download?id=1ASpFz6Pg_su0ZuaJeA3Gz_xTCLkYUKS6&export=download","https://www.maktab93.com/download.php?id=127"
3,"علوم دینی ح","صنف سوم","Grade-03/G3-Dr-Islamic_Study_Hanafi.pdf",11039689,"https://drive.usercontent.google.com/download?id=1oISAKbmjbY-ucMFh6eTMfzhtH6cdfy1Y&export=download","https://www.maktab93.com/download.php?id=109"
3,"علوم دینی ج","صنف سوم","Grade-03/G3-Dr-Islamic_Study_Jafari.pdf",3371284,"https://drive.usercontent.google.com/download?id=1Dt4kZqWpAzGd17UkxTyoqFHEnaWqIUgZ&export=download","https://www.maktab93.com/download.php?id=110"
3,"ریاضی","صنف سوم","Grade-03/G3-Dr-Math.pdf",7400725,"https://drive.usercontent.google.com/download?id=1_ahhIOOeGjzlaoOqzM8wwUZlixzWg8Sm&export=download","https://www.maktab93.com/download.php?id=111"
3,"مهارت‌ها","صنف سوم","Grade-03/G3-Dr-Life_Skill.pdf",23022314,"https://drive.usercontent.google.com/download?id=17_COCkKy8huSquq3dm28mp4Dgmn687Mx&export=download","https://www.maktab93.com/download.php?id=112"
3,"هنررسامی","صنف سوم","Grade-03/G3-Dr-Art.pdf",17882572,"https://drive.usercontent.google.com/download?id=1kE8NpeIasAtXsDZI6qcoEAYcKnQSPkXv&export=download","https://www.maktab93.com/download.php?id=113"
3,"حسن‌خط","صنف سوم","Grade-03/G3-Dr-Hand_Writing.pdf",7114769,"https://drive.usercontent.google.com/download?id=1MEeoOCWCljnBytR_TN_2MkL7qFr0zr3M&export=download","https://www.maktab93.com/download.php?id=114"
3,"دری","صنف سوم","Grade-03/G3-Dr-Dari.pdf",23234933,"https://drive.usercontent.google.com/download?id=1bm5Xc-azwnImH2qB3I0j5BZUw_D32mCj&export=download","https://www.maktab93.com/download.php?id=115"
3,"قرآن‌کریم","صنف سوم","Grade-03/G3-Dr-Quran.pdf",8355671,"https://drive.usercontent.google.com/download?id=1uhj3BdWTJtc8pdoEYTV2-_knLviABWTw&export=download","https://www.maktab93.com/download.php?id=116"
2,"علوم دینی ح","صنف دوم","Grade-02/G2-Dr-Islamic_Study_Hanafi.pdf",12442397,"https://drive.usercontent.google.com/download?id=17UgkiHVyV6WAQoP1KqzMEVHi7yScXPQ8&export=download","https://www.maktab93.com/download.php?id=101"
2,"علوم دینی ج","صنف دوم","Grade-02/G2-Dr-Islamic_Study_Jafari.pdf",6479182,"https://drive.usercontent.google.com/download?id=1ZaPvlNyHcm3maoPGy8nHMqsXky_IAzYQ&export=download","https://www.maktab93.com/download.php?id=102"
2,"ریاضی","صنف دوم","Grade-02/G2-Dr-Math.pdf",4914765,"https://drive.usercontent.google.com/download?id=11-MiTfxhPYEN2pZQHnmf1VE2HIvJHGOz&export=download","https://www.maktab93.com/download.php?id=103"
2,"مهارت‌ها","صنف دوم","Grade-02/G2-Dr-Life_skill.pdf",26994354,"https://drive.usercontent.google.com/download?id=1eFnErT7aijekCEwvhEXWrMdYjxDWfHOI&export=download","https://www.maktab93.com/download.php?id=104"
2,"هنررسامی","صنف دوم","Grade-02/G2-Dr-Art.pdf",19498841,"https://drive.usercontent.google.com/download?id=1ZrMb2h4hZUlKCcvyRspJXll7JSaqlqZj&export=download","https://www.maktab93.com/download.php?id=105"
2,"حسن‌خط","صنف دوم","Grade-02/G2-Dr-Hand_Writing.pdf",9031977,"https://drive.usercontent.google.com/download?id=1aED43jj--nDorRfzwJefg3h-kgFr-pzD&export=download","https://www.maktab93.com/download.php?id=106"
2,"دری","صنف دوم","Grade-02/G2-Dr-Dari_compressed.pdf",6436993,"https://drive.usercontent.google.com/download?id=1ss-cgdYS4TKvMrc3kKHWAk7XmZl9yvd1&export=download","https://www.maktab93.com/download.php?id=107"
2,"قرآن‌کریم","صنف دوم","Grade-02/G2-Dr-Quran.pdf",6104262,"https://drive.usercontent.google.com/download?id=1Y0j0qd1KHvl3ubAzwF4FnPYw9yao7ohv&export=download","https://www.maktab93.com/download.php?id=108"
1,"علوم دینی ح","صنف اول","Grade-01/G1-Dr-Islamic_Study_Hanafi.pdf",12234491,"https://drive.usercontent.google.com/download?id=1doPSElu-4jBtrY6-9cTF4Cx4DpkXtouL&export=download","https://www.maktab93.com/download.php?id=93"
1,"علوم دینی ج","صنف اول","Grade-01/G1-Dr-Islamic_Study_Jafari.pdf",13727244,"https://drive.usercontent.google.com/download?id=1Rjj9ATJ04YoWpwd2qS5y7DtuxYEUHR_f&export=download","https://www.maktab93.com/download.php?id=94"
1,"ریاضی","صنف اول","Grade-01/G1-Dr-Math.pdf",10061565,"https://drive.usercontent.google.com/download?id=18ULTaQq-TtiD2DcmSl5DTS5xnAaa1eqv&export=download","https://www.maktab93.com/download.php?id=95"
1,"مهارت‌ها","صنف اول","Grade-01/G1-Dr-Life_Skill.pdf",12840404,"https://drive.usercontent.google.com/download?id=1W0E8E65Tk2n-tPmxWKvnpVB32xwlzG1T&export=download","https://www.maktab93.com/download.php?id=96"
1,"هنررسامی","صنف اول","Grade-01/G1-Dr-Art.pdf",14515810,"https://drive.usercontent.google.com/download?id=1GJ9DX4gdXITzEY0Sbm_pNOgu1f3tbkmh&export=download","https://www.maktab93.com/download.php?id=97"
1,"حسن‌خط","صنف اول","Grade-01/G1-Dr-Hand_Writing.pdf",5418867,"https://drive.usercontent.google.com/download?id=1UTCR5MVAEonm6KGQ-sY3M4W_nYyZ9N3v&export=download","https://www.maktab93.com/download.php?id=98"
1,"دری","صنف اول","Grade-01/G1-Dr-Dari.pdf",8862178,"https://drive.usercontent.google.com/download?id=1RMt_Az8_Mbeti9pTTlrayF85NhZetdSk&export=download","https://www.maktab93.com/download.php?id=99"
1,"قرآن‌کریم","صنف اول","Grade-01/G1-Dr-Quran.pdf",4376527,"https://drive.usercontent.google.com/download?id=17loHtNnolXNm0BfwKAVuze_YZxBoN0qg&export=download","https://www.maktab93.com/download.php?id=100"
kankor,"۱۲۸۲ سوال ریاضیات و هندسه - سوالات سالهای گذشته","کانکور","Kankor/maktab93.com-1282qMath.pdf",2953677,"https://drive.usercontent.google.com/download?id=10U8V2IsoI-bEtSu3o8QZQBwh-w_aeVSZ&export=download","https://www.maktab93.com/download.php?id=242"
kankor,"کتاب فزیک صنف ۷ الی ۱۲ - کتاب کانکوری","کانکور","Kankor/physicsbook7-12.pdf",4601661,"https://drive.usercontent.google.com/download?id=15oew-dGtq8tWtWqxGL3sw0s2I6L1gA5k&export=download","https://www.maktab93.com/download.php?id=244"
kankor,"کتاب فورمولر هندسه - کتاب کانکوری","کانکور","Kankor/maktab93.com-Geometry-Formulas.pdf",854410,"https://drive.usercontent.google.com/download?id=1Q0eR2IBiY7H12iljy-d44mVInbCaUWXe&export=download","https://www.maktab93.com/download.php?id=245"
kankor,"کتاب فورمولر ریاضی - کتاب کانکوری","کانکور","Kankor/maktab93.com-mathematics-formulas.pdf",230621,"https://drive.usercontent.google.com/download?id=13Aa2FIGWlUtj7M_c7SqPa3xQu4sZH2pY&export=download","https://www.maktab93.com/download.php?id=246"
kankor,"کتاب فورمولر مثلثات - کتاب کانکوری","کانکور","Kankor/maktab93.com-Trigonometry-Formulas.pdf",342869,"https://drive.usercontent.google.com/download?id=1BDv-Z3TXDwaU9kSWhmhmZFSajUp8qBE1&export=download","https://www.maktab93.com/download.php?id=247"
